{"16 Ericsson Place, New York, NY": [40.7204814, -74.0071343], "19 Elizabeth Street, New York, NY": [40.7161816, -73.9974633], "233 West 10 Street, New York, NY": [40.73397, -74.00543], "19 1/2 Pitt Street, New York, NY": [40.7162871, -73.9837703], "321 East 5 Street, New York, NY": [42.9304986, -74.1783817], "230 West 20th Street, New York, NY": [40.7486825, -73.34373733091081], "230 East 21st Street, New York, NY": [40.6487106, -73.9598669], "357 West 35th Street, New York, NY": [40.7538182, -73.9949851], "167 East 51st Street, New York, NY": [40.7567621, -73.9707859], "306 West 54th Street, New York, NY": [40.76496015, -73.9850868531467], "153 East 67th Street, New York, NY": [40.767145549999995, -73.96381319536516], "120 West 82nd Street, New York, NY": [40.7840868, -73.97508305171637], "86th St & Transverse Road, New York, NY": [40.7850215, -73.9685893], "164 East 102nd Street, New York, NY": [40.7891815, -73.9472169], "151 West 100th Street, New York, NY": [40.7964779, -73.967428], "120 East 119th Street, New York, NY": [40.80069235, -73.94111874373155], "520 West 126th Street, New York, NY": [40.81469, -73.95653594153396], "2271-89 8th Avenue, New York, NY": [40.81937, -73.944458], "451 West 151st Street, New York, NY": [40.8288745, -73.94377772909826], "250 West 135th Street, New York, NY": [40.8157476, -73.9453969], "2207 Amsterdam Avenue, New York, NY": [40.8405867, -73.93573663316083], "4295 Broadway, New York, NY": [40.851527149999995, -73.93537316409075], "257 Alexander Avenue, New York, NY": [40.8103299, -73.925216], "1035 Longwood Avenue, New York, NY": [40.8163385, -73.89567449823033], "830 Washington Avenue, New York, NY": [40.8224638, -73.91123310877224], "900 Fteley Avenue, New York, NY": [40.82307095, -73.86974050594586], "2 East 169th Street, New York, NY": [40.83730475, -73.92002852824726], "2877 Barkley Avenue, New York, NY": [40.8307425, -73.8272355], "2120 Ryer Avenue, New York, NY": [40.8540411, -73.9001068], "4111 Laconia Avenue, New York, NY": [40.88751135, -73.84755406628824], "450 Cross Bronx Expressway, New York, NY": [40.84420124489796, -73.89798069387756], "2121 Eastchester Road, New York, NY": [40.8560926, -73.84438278180977], "3450 Kingsbridge Avenue, New York, NY": [40.8834823, -73.90241725394398], "3016 Webster Avenue, New York, NY": [40.8690538, -73.87965546376213], "2951 West 8th Street, New York, NY": [40.57651505, -73.97609753793938], "2575 Coney Island Avenue, New York, NY": [40.594171349999996, -73.96048726556828], "1925 Bath Avenue, New York, NY": [40.6025772, -74.00299988095668], "1844 Brooklyn Avenue, New York, NY": [40.6279617, -73.94160667402886], "5822 16th Avenue, New York, NY": [40.6257785, -73.99135492860181], "2820 Snyder Avenue, New York, NY": [40.6487689, -73.95019], "333 65th Street, New York, NY": [40.6389413, -74.0226488], "9720 Foster Avenue, New York, NY": [40.648490499999994, -73.90496134444203], "154 Lawrence Avenue, New York, NY": [40.63035295, -73.97372085139176], "421 Empire Boulevard, New York, NY": [40.6645423, -73.94788400186542], "830 4th Avenue, New York, NY": [40.65818805, -74.0010755573444], "1470 East New York Avenue, New York, NY": [40.67078385, -73.91354331061422], "1000 Sutter Avenue, New York, NY": [40.67117035, -73.88145873279599], "191 Union Street, New York, NY": [41.7040815, -73.93175], "127 Utica Avenue, New York, NY": [40.67477385, -73.93024528334647], "65 6th Avenue, New York, NY": [40.88026585, -73.2655444048531], "263 Tompkins Avenue, New York, NY": [40.6888386, -73.94470605912969], "30 Ralph Avenue, New York, NY": [40.6897012, -73.9242145], "480 Knickerbocker Avenue, New York, NY": [40.6981536, -73.91787129404761], "301 Gold Street, New York, NY": [40.6955512, -73.983071], "298 Classon Avenue, New York, NY": [40.69008425, -73.96048450772389], "211 Union Avenue, New York, NY": [40.812138700000006, -73.08591932264973], "100 Meserole Avenue, New York, NY": [40.726806, -73.953204], "92-24 Rockaway Beach Boulevard, New York, NY": [40.5862476, -73.8164846], "16-12 Mott Avenue, New York, NY": [40.6029503, -73.7499972], "87-34 118th Street, New York, NY": [40.6986152, -73.8312172], "168-02 P.O Edward Byrne Ave., New York, NY": [40.70699, -73.79256], "64-2 Catalpa Avenue, New York, NY": [40.7007889, -73.9041025], "92-08 222nd Street, New York, NY": [40.72617005, -73.73512860655313], "103-53 101st Street, New York, NY": [40.68219860000001, -73.83974945], "71-01 Parsons Boulevard, New York, NY": [40.7299492, -73.81062673923094], "5-47 50th Avenue, New York, NY": [40.74303995, -73.95474394328949], "37-05 Union Street, New York, NY": [40.762352199999995, -73.82702044854032], "94-41 43rd Avenue, New York, NY": [40.745239, -73.869946], "45-06 215th Street, New York, NY": [40.76021895, -73.76774854628971], "68-40 Austin Street, New York, NY": [40.722245900000004, -73.85111500966215], "167-02 Baisley Boulevard, New York, NY": [40.6799224, -73.7758415], "34-16 Astoria Boulevard, New York, NY": [40.76927625, -73.91535420061777], "92-15 Northern Boulevard, New York, NY": [40.756843599999996, -73.8755332327489], "78 Richmond Terrace, New York, NY": [40.64464375, -74.07741756960358], "970 Richmond Avenue, New York, NY": [40.62360285, -74.15017176910112], "2320 Hylan Boulevard, New York, NY": [40.57413235, -74.10549505277004], "116 Main Street, New York, NY": [40.51198223739609, -74.25005736108977]}